"system","method","duration","steps","final_separation_au","final_energy_ratio","max_abs_energy_error","max_abs_angular_momentum_drift"
"Earth-Moon","Euler","10 lunar months",1000,0.00623875607392054,0.321767646250898,0.678232353749102,0.694753568566406
"Earth-Moon","Midpoint","10 lunar months",1000,0.00257415438734112,0.998012318576132,0.00198768142386814,0.000971682170053373
"Earth-Moon","Heun","10 lunar months",1000,0.00258972677903544,0.992270552985707,0.00772944701429297,0.00379312090808245
"Earth-Moon","RK4","10 lunar months",1000,0.00256867486561479,1.00000181136491,1.81136491254806e-06,8.8372726035098e-07
"Earth-Moon","Verlet","10 lunar months",1000,0.00256903852717484,1.00000073706357,1.53235363979235e-05,3.99646421423052e-15
